ID,Yield
ID_F9XXEXN2ADR2,558.16974
ID_SO3VW2X4QO93,419.9428
ID_UKUQ7JM8E894,402.4061
ID_QUISMWEZR2H4,322.8978
ID_25JGI455VKCZ,631.5976
ID_KQEAOXF3RPV6,350.5762
ID_FSNZCPW9HTD2,778.01996
ID_U2TOPOA0T40S,309.17554
ID_XVQLSUKOT04J,1075.6854
ID_EAZAU6IW58PK,180.62292
ID_WI17R25TC2VU,364.12802
ID_OPR9MJWG40U7,1478.1443
ID_P9K9GAHC6FX6,661.7033
ID_SCAOUCCTJ75Z,15.7649355
ID_MUP1OS8GZR5E,861.89044
ID_WVBSZ9VBC9HE,720.94653
ID_9MGH1WIKFBNB,451.44382
ID_3M2O3EPOM18C,1940.7302
ID_K9MOR4N1FWIB,537.05524
ID_VJPUPMSQARO5,1194.5037
ID_7WIMK3DXIU3Q,1059.4281
ID_6QXVH0EUS60J,1242.0773
ID_CA9GH6Q53A1Q,235.42462
ID_94KO4EQ6TA3S,247.59407
ID_2WH3AXUWRS2A,201.51715
ID_LBS8TBC6QEF1,295.4832
ID_Y3YARETW8RAP,1270.4591
ID_BY9JJAIKBRGP,441.40573
ID_0U5AM482W1DE,379.8958
ID_G0I28ORJC3OP,433.10385
ID_Q34ED4EMSA3R,536.5959
ID_LN3LXEG984XM,650.3866
ID_0JTIPPYRJND0,718.6815
ID_2MRD9I2X8UXB,231.34204
ID_KH1FHLUW2T4X,275.0152
ID_RFM5MWSIU1JX,329.58044
ID_IAH2UTMDVU8F,245.68372
ID_9SNP46T1GSJI,916.8841
ID_DSQ9ISYFW4DB,427.37692
ID_B8XYLC3NM6XD,59.345528
ID_HOG9LK4CTN8K,423.55203
ID_L3RTRS1QIY6D,284.6352
ID_03QW4RBYQEBK,400.70398
ID_ZJSYN3ZHXK5K,846.8056
ID_UPRM76SZ7IJJ,697.0856
ID_YB866N9RY5TU,537.8647
ID_4H0KNHPKF9BK,245.68068
ID_TOIT03A3WTTD,297.01694
ID_4P7NKCB6LMJ5,92.69706
ID_1TIMGZJLRLWF,636.68665
ID_25E6065LQDON,708.69464
ID_SOB9B3H12POE,887.98083
ID_A8RF0GQGJF5H,911.6112
ID_GT36LGF8SM8K,638.36554
ID_E9OHGDA3U6DG,375.81113
ID_HXWHLMRE99CE,1241.005
ID_3VL9DLFRG5A3,310.57397
ID_OKPI3DR2ZQPJ,295.82092
ID_XZO6ECCAOC94,885.69806
ID_4X2UWYR6RIE2,823.5901
ID_1LVAHN6PZYBS,789.56604
ID_HRAJFKTPCNWQ,2167.4692
ID_TK4H5NRKHOE8,371.96463
ID_9U0UBT1J8152,308.96643
ID_3EUKVYT37JOP,230.17319
ID_1499QWPPW755,507.75574
ID_ULWP3J0G860C,381.4489
ID_51FSB3P7RO7F,552.5077
ID_FHMVP6OM4GDX,1884.0771
ID_2OICAUFVUF5S,224.46184
ID_ZGCFHIHAIC5U,414.75272
ID_SR592R346POT,1271.7576
ID_IW7UUDAW8LI0,410.65424
ID_UNWZCF6L3JHJ,423.7602
ID_Z4FXX0BNPHCO,2144.9197
ID_T18YB26T1R72,390.81046
ID_LXZWOINVI194,598.0161
ID_QNQJS14C9JJR,1649.5106
ID_NTPIQUV3J2G6,1017.4801
ID_PVQOEEDTISZ0,-1.1715305
ID_PNB65ASGG3U5,422.1424
ID_KWPXATBZDX9T,501.72815
ID_0G0F9TOR4IMI,1505.5608
ID_FVLMABW5Y6X2,1101.6776
ID_O2PL38IY50T5,829.51843
ID_CNG8Z00FPPMP,771.8727
ID_641DSHBH8JAF,1289.1279
ID_Y14QXUKOFJ4H,298.62335
ID_DRP3WZV4BNIE,415.60406
ID_TMXV7UW39T80,207.99341
ID_0L8O49SS6MQM,415.09137
ID_UGTG0XQELY2U,447.70798
ID_0YZYA9AXL9Z2,274.685
ID_KNOK4V0IWVUO,147.19133
ID_YX4DF17Z25RV,398.86115
ID_2YAZXP3AEDVO,306.47592
ID_YNACZPCVVI09,1806.356
ID_75GYXJW1DYGX,316.9029
ID_YRCMJRFRTU2K,1294.5052
ID_1L4WBTHTDQMP,602.968
ID_RO0XF0TFLRG6,630.3046
ID_NJ7G0SAVDN1Q,356.33923
ID_UFPM6MLG1BJK,-148.67201
ID_ULY51B6WQ9FV,1068.8977
ID_CR6L4TL2VEEM,232.87778
ID_4YRSPS7X1V7Q,368.74164
ID_ILQ5YE78E0SD,205.14581
ID_WDNXY8YRA10N,397.15872
ID_WYK6LRWQ21ML,313.2041
ID_EBA4QUGDXB5I,1167.7543
ID_2WCWAKQKRA74,586.9889
ID_FTSIEXKUER9Y,345.28882
ID_64BCOW7PEP3E,104.41038
ID_0N5TFB55JBOB,712.51074
ID_9AE1OJ45UFJ3,549.9075
ID_NJWAR6L7X4Q6,765.6935
ID_W8U6J9PKGGGI,380.88644
ID_WJUUIJMPNLHW,453.06885
ID_S7F4L5OW7OKD,1002.9131
ID_Y0OX05BLLQPI,194.99525
ID_XJ7ULGKCALNF,543.4002
ID_8NU1PZBDI5C7,1158.0083
ID_CPPN31R20CBA,675.9082
ID_D20Z6VEJBE6K,1.0002575
ID_N6RSTF2IR5GL,508.4783
ID_DJBLGDPMS85M,3.932056
ID_34J19EEKSSHY,861.2472
ID_P8MQS1ERUQ9F,227.71365
ID_U07HHH2EG6K1,803.2739
ID_IKAOSO0CFKYZ,190.1333
ID_NHQ2WMFGNBS1,314.24432
ID_FRJ3P7XDG7OV,547.01953
ID_5N0W8ZFFAIQX,458.59235
ID_OFSHZ2KZ1LQ4,0.036950335
ID_A6C1G6XUATUE,165.74246
ID_N99MP1180BJ5,246.63292
ID_D5F8SLVPMZKE,159.34225
ID_49QTISSSNQ0M,562.4575
ID_S1WHDBHNKLYO,353.09875
ID_9YE4VBW3W1WJ,396.22913
ID_7SWZRG2B52YI,341.6355
ID_41XNQZ8M4QXH,386.54355
ID_SIB0PJZQMRBO,316.6482
ID_M47IW492SXOP,175.42326
ID_MTUJW5V02DWQ,786.266
ID_Y108HSDX00WC,896.2698
ID_QRD8JCO8QWCF,100.56885
ID_RIP1ZN0ST7I3,-29.804234
ID_BPS356NV28J7,1146.2693
ID_0KANA1KYEQKW,105.33748
ID_80MMCWDS27VC,961.17316
ID_CH1WWOXBV7L8,266.09573
ID_PM7YZSDTN1OI,675.4773
ID_FR4XH94DJW50,532.1181
ID_D1IDORABBOBP,467.23987
ID_0BE8BMWG3A68,506.02792
ID_RY2QD5TLB4US,426.05618
ID_S8D99RRNCOMC,1237.51
ID_YZLW773BTIA3,327.13022
ID_FL8VHWG97QTI,664.53125
ID_JVLT86OR9T15,616.8843
ID_NBSTAXAZ24X0,1050.1968
ID_43VRMQQ5E60F,325.1009
ID_HI4ACMU7M13J,437.55112
ID_UI96L3AE8YXY,662.9765
ID_UXRI6OXKF50S,827.2955
ID_FW06NS2YA7QW,455.03964
ID_RA5OO0JVNOUF,408.3656
ID_EVGU94YQTZWM,166.773
ID_GHANLFEJN9UW,168.49701
ID_HXBFX8X2DD7B,1107.9451
ID_KUNLQSF5FM19,590.9708
ID_7XXH76413XNT,567.2599
ID_D58TIQKQLU7Q,403.79855
ID_W5CLRPVGFRKH,1148.767
ID_A3Y0OIB0BE59,426.3528
ID_C74NLELOCNTS,1782.4362
ID_2FIGN89QV44C,59.31635
ID_QN4PJSV2CGSJ,312.27603
ID_V5W6AZBTURWA,463.92038
ID_L6E0GOTVHSCD,618.08594
ID_Q95BUWXK8RM3,150.17914
ID_5TLXCFLTYF1F,416.50934
ID_GLBHSYJG9S5B,1267.8083
ID_3X3YHRC7IIN9,607.07196
ID_5H724YS64665,904.36786
ID_U4Z5RN88FCZM,668.86664
ID_05TGZGOMI6MF,433.7959
ID_0GCZV8RUSZK6,398.76074
ID_UV06K1FM1SB5,445.54895
ID_RCJZ3PORBWFV,197.53555
ID_W1NL5CU9VHQS,413.6406
ID_2WIYFQHMJPYD,1911.9398
ID_BFFULEU6PVQ9,109.08395
ID_JN31K11BXQ0E,316.90967
ID_DS40FHVR9R7F,339.78314
ID_DNOT9DTVZ6MQ,776.22034
ID_Z58PO8MMX8YV,797.01776
ID_NEYMBJKFHN1X,575.5058
ID_RND7MNSA6LWV,311.58072
ID_U407VXC7F9NZ,318.37854
ID_ES753BBA75GB,162.90895
ID_APRL4BTWWRW9,337.46378
ID_S909ZPBZ39II,294.2802
ID_YYFP9SWEV0U5,1266.9591
ID_25EBTESPBHGZ,696.17145
ID_W0W8TG7XRWE3,200.1696
ID_0FU2BPIOTMVD,692.6784
ID_OF817VW3STNX,498.90665
ID_7QATIJ9YSL1K,1781.3395
ID_LBPW7URC7BBW,463.39294
ID_7WYQ81JCM9V3,173.38779
ID_JGSVOGVN6522,545.618
ID_TOUB2GY1ZHXT,697.10376
ID_9AJCTSUQG7FZ,535.27716
ID_VKOZPEUVSDI8,716.33124
ID_UG5GQ68S58OW,506.68326
ID_4RB8XK2ZB1IR,823.16187
ID_Z3P4T6K6P2ED,206.60661
ID_VUGTKX63R5P0,385.26602
ID_XMF3Q64FMLBK,498.66562
ID_DTWCZ9G9C8WD,955.00977
ID_0MNYHJUPIOIT,211.41206
ID_ZGAL960JTO3R,1138.3654
ID_PK835TJNER3I,681.9992
ID_KVGPYMSHB2WJ,302.33572
ID_OWIQYP0I1HGW,1366.1653
ID_7RS2XDILJLBL,472.90985
ID_EDCLK08NMF0N,287.67633
ID_97Y87C3ANP5B,276.69058
ID_D3SKVOTTB4KQ,243.44759
ID_APFVFYM11UU0,1825.1802
ID_TAIVU9LHBYZ8,550.4841
ID_NTR94XDRQIHZ,165.44473
ID_8QCOFS2HXOJQ,438.0541
ID_7ZZVZZH08UWF,444.1306
ID_9NGVV4V11YU2,374.66922
ID_5G8RKC18KLXV,1533.7645
ID_BSVRMHEKDQKD,415.46735
ID_6Z12209FUIAT,767.61053
ID_IRBHYP3G7UXU,316.14426
ID_9PH4KNPDDVWS,825.26843
ID_S4G0N1TJEDUG,310.65964
ID_OP7NSDQGR6AE,-40.7679
ID_32RIU94UJDHI,1577.5098
ID_85WKQYHE0W5H,1488.6366
ID_2T4I23J42NUP,424.12546
ID_LOJZM912S2TH,503.29807
ID_FQAR45VD4PQ5,693.0432
ID_RA4Y3ZL70BWO,1261.8362
ID_UH3QT7I1O24Q,167.4908
ID_P9OZQ56CX2YO,497.5289
ID_RB24VMV9FIGM,407.29904
ID_XECRIM8DR00Z,1142.0768
ID_EYIQ79MA3T5E,771.591
ID_B0QBM2S1R9S7,160.98157
ID_1L74BG9P0TKX,760.7565
ID_141KG0TOOCJ6,803.4154
ID_IMKLSNJKVI4P,313.24936
ID_253P6J7D92PW,412.13065
ID_PCC17RCZX06S,349.29706
ID_7MUPVDZE1ZWB,1054.0455
ID_O994OZU1NP7E,536.4025
ID_RFVKSMVILY31,619.04395
ID_MTR7TTJ5LSBE,198.95554
ID_87QM8DS5HSU7,1247.4617
ID_8KXPBLV53NZK,478.82913
ID_LQVS4LC3YRMB,520.49713
ID_ISVACTKT5MAA,343.40668
ID_C64B9DUNSCM1,199.96774
ID_ZXAE37OWUMFI,415.5491
ID_L7Y4MKY66OSL,633.6137
ID_TZ1FUOUR0Y8X,1191.3176
ID_D7HMR45HU1ZW,399.6322
ID_UCZXI2H7S2YD,251.64174
ID_7TU75PUQP312,2032.3744
ID_4ULCEP364DAF,582.3161
ID_8EOY07K5LOC4,345.63568
ID_NK47MAUWJ8Z5,214.57274
ID_8ZCGIWU6GZLO,284.51727
ID_SNIWSZ237UOD,309.0367
ID_7LDSCZ2OPT0K,428.91525
ID_TK2TH4JSJ1KB,157.42903
ID_UUXFZKSR58SC,296.2671
ID_EVACECC6XIW9,1654.1486
ID_U2LSES0Y4I3C,1641.0143
ID_NEGU2TDNC4Y0,115.90692
ID_WCBHSOBP51H1,222.23596
ID_SVRQ4NGZFMMP,1009.4645
ID_5TBBUKHYJ1KI,716.7236
ID_4AOR8R30LNOD,457.73572
ID_5XOUKBLNO7AC,499.71872
ID_IQZTM1J018FS,772.57214
ID_Q9VXX3O6IZOD,254.62283
ID_HTEQD0S6QIB8,324.89893
ID_0GFT8KE7O9RP,770.5236
ID_SHFI8L6O4DQ3,776.7337
ID_64MUBP88ECF6,421.7116
ID_EHYBYH7QLOSL,187.85262
ID_GTGEI6PS93QJ,1232.1736
ID_TL9C9OJ8G68U,248.8457
ID_SM1GWL52K1F8,399.3116
ID_DZW8R8ONEU66,441.11917
ID_HBDA4P8811S8,1989.3782
ID_CJQOTSL074N8,613.15344
ID_KZ0X60V9XQIG,1910.2227
ID_0TWFZTV06NYT,655.99713
ID_PVJN35A46C0K,495.5486
ID_D732BOTXBLSI,334.8808
ID_342GB00NU2X8,121.55141
ID_AQUL5HCLWJPM,1168.4819
ID_VU3938I1G9Z0,774.6727
ID_Y2ZY2HDPU6PE,416.14514
ID_SJD77GLF5ZFJ,571.8464
ID_3T35R9QJBF2M,416.8047
ID_NQUTMXXK59YN,595.62933
ID_SV7AFMBC72LB,180.99698
ID_PAPK30H37SIW,920.0447
ID_URRQOVPPCBQ4,205.53204
ID_CQPXYYK4KGB7,330.62653
ID_RJIJXF4OS4RL,-0.39389527
ID_APUXW8HC4K6B,1341.4247
ID_61Q9C9GGPHDI,1587.471
ID_ZWZRMNC7OOCV,236.45845
ID_IYKX7HR08L6A,62.288193
ID_AIG281L5ZHU8,230.89876
ID_NHUOZPKIO0BR,410.30594
ID_LLYN4K7KIT4R,383.52487
ID_0TSE5OLEV8WK,428.5187
ID_H992DU9HM8DQ,293.3518
ID_UK0CBXPBQ5RY,1232.2738
ID_RDPY3EBXFJ5O,1151.177
ID_5L97TY473GY5,1485.8104
ID_5B1X9MC1IFX0,256.22058
ID_ECWVAC40SNWB,4179.221
ID_OE87AT5TAUEI,2048.926
ID_XR12GEBM8H2K,1308.4872
ID_LJ2AP4BNL25Y,453.8778
ID_LH311ABG9XDL,307.61334
ID_HXONOBB4HD6T,1857.1829
ID_7AOOKABBB6N8,1255.7919
ID_Z17C9TLMF1MJ,175.2213
ID_3PUBL95YQ1AF,805.7772
ID_3RUIBILNO5TH,84.14945
ID_9VMYZE08M98X,774.6595
ID_6SDJYMNC1T2Z,163.73643
ID_61DT371A8JKT,336.57388
ID_R51LYLFQUFIL,637.447
ID_MJYLQ159US1Y,877.1253
ID_QQHLY17D6RBD,1303.8727
ID_Y84JBGTU3NGV,679.16296
ID_V8BHOZICY6IF,361.9316
ID_DZ1R5TGC156F,656.35175
ID_UQTR8CQ5LH50,1448.9344
ID_CK56LDNW1478,805.1607
ID_QJGUBXWDDCRS,705.11523
ID_H7YHR5OTSNS5,181.08472
ID_8FRJCZZGLIRC,714.3311
ID_U29DLWFB48GG,308.1869
ID_W3OHI7MAVC24,115.20452
ID_1ZY88AN5LZD4,348.59232
ID_OC5EEB6B892L,726.17365
ID_CMWPG2PIB75R,599.7505
ID_NWEI411ITDHM,755.0634
ID_G49PUGN2HFAD,274.2869
ID_GSNP1IEZEQBC,493.39877
ID_GJUS6RREHQ81,809.82074
ID_7F8MCGYBVNP9,424.4917
ID_0L3CDZHQMEW6,746.7864
ID_WWW8P7C0BWWD,325.78284
ID_K5SN27S6ODNO,823.2985
ID_UFYYFX1MOUMV,353.24228
ID_D0724QR6ZQQF,1424.0314
ID_PMSOXFT4FYDW,4908.1206
ID_SO7VGCA3U32O,516.4463
ID_FRF1EVPIL6HX,778.8949
ID_82CBKU1NDJ0V,1247.4907
ID_RX8DANVXO123,438.96228
ID_ILC9A9DN5G2Z,779.0932
ID_2GDKRWUIWI9Y,131.63483
ID_RBQ5VAV4DJ5G,821.12366
ID_UOQYVR79LGBI,526.5117
ID_K6AD8QUXXR6Y,-2.0173678
ID_J342KZ43X2VJ,607.926
ID_XPEQ4HVRRQX3,2897.662
ID_AJUG34L464MU,694.5292
ID_JF3KG0PYDKQF,1918.8239
ID_L9Y3DAFA0E72,584.62335
ID_E6BGEQJGO571,241.33276
ID_SP088I6KHJYU,357.1906
ID_044M7JJ7F7ZH,824.214
ID_FWCKHCWUI2ZA,323.56894
ID_RYVNAORY2187,241.9452
ID_AKABUF8B09YM,750.90454
ID_S2JJQXZHA1AS,396.79996
ID_4QOOOG43P1EL,1102.9137
ID_X7Y0DSAFDFLN,799.69244
ID_HBHBHNCY4HVH,395.43597
ID_BD6WGXMV0N9M,385.7597
ID_L96Q9Y8ZKZ8E,1180.9462
ID_THWRW6UMVR43,335.09277
ID_BORVFDCCKT0H,791.9478
ID_2L25K22ZLQPZ,427.9246
ID_YUL27A9GYMND,349.77798
ID_8MKACM85VSCS,2869.9019
ID_4060CUEUW7HI,352.25238
ID_Q0SM7VK3YP8B,206.15448
ID_KFDMKLKS776M,442.78137
ID_JFSU9KK3JSCO,1655.246
ID_YDVQY6M9SDE1,295.05368
ID_24UQHTEAU2MZ,348.70602
ID_SGZSFYIOBIN2,660.73303
ID_JNBPHXXIFBMH,358.25208
ID_ZDH7Q9PB2ZFC,329.92957
ID_Z8L5CROZXDD9,738.3006
ID_BFWA63TCREXQ,300.61288
ID_M3DHWRLA56N4,1420.1459
ID_7QNMKE9U82HO,982.26324
ID_75A7EFD9RIO4,182.40933
ID_ZGRBK42R4LAE,349.21207
ID_E69IMEJ5DN9Q,434.47827
ID_9GU549TH7ZK3,1036.4418
ID_32IOWXYS1DUU,79.65504
ID_055AL1ZL5ZQ3,95.677864
ID_1D24WF1F56XL,211.73749
ID_C8563RHWH4R1,353.64188
ID_FWYXQF7RP0NA,630.1103
ID_RUQF0NVO7GUP,81.634796
ID_U51NJXF1ANRX,348.06613
ID_52E5N2X6YPZC,397.18463
ID_5605KFWD5KLI,598.9849
ID_RP1T12JOZ0W5,395.03293
ID_1NJF183VW7MV,143.2688
ID_YBW0BLUZSB09,486.35532
ID_EMWY1EBQA2OW,5.3491874
ID_PRZUQ2CC6YQL,814.9814
ID_DR9MHVZLS2J3,177.53244
ID_F9Z4KJ1ATXQX,412.4496
ID_1IEQS1MMJVNU,1284.7623
ID_Y5OJFJ4ELKBO,1881.1514
ID_OYZLWHPXC232,40.501034
ID_RIJPB9ZK7QMJ,510.058
ID_5YLAHA1RPCLZ,456.40366
ID_7YD43YGQEHAG,169.22105
ID_Z2128MPPJH3I,340.573
ID_6E9C80EV7UVB,468.53537
ID_V292OF4LJFY6,509.4123
ID_GZWEN5J0753A,132.20995
ID_DZJI74TH27S2,578.11
ID_VB20G3017OT3,1636.5558
ID_PFR5TR9NSJ44,3387.183
ID_CGEMGXF9GKAN,769.45605
ID_UQN5YELSPFW4,591.72424
ID_9KQ04PBVJQ2Z,1395.0905
ID_4XS5DB6R0W1W,3660.698
ID_0LIP6T5ZSM47,799.99115
ID_EKT3T87PW61E,412.46802
ID_8APYWALBVJJG,477.7727
ID_IZNAGRDXI416,475.74347
ID_O8JW768V2WBT,787.5702
ID_QB1EGGOG4PKU,352.68732
ID_QL474TRJZ4KT,298.65646
ID_JS00JMA9OC55,244.54457
ID_KX93WT2WM8KI,339.3497
ID_88T4KAWBOXD2,795.5412
ID_AYEXJ449FHYB,228.0024
ID_WAMWUG0WHB97,1113.3546
ID_MNSBZZRLVYAB,525.2992
ID_NIO4I0V8DWYJ,96.77456
ID_NIZWE5DL0ZEP,989.2864
ID_9NCKQGLK3SD9,320.9497
ID_5OSGLVZW9D29,951.07996
ID_6XPJZR8ZCIC2,309.22482
ID_IY0SP642OW24,678.78564
ID_RIYH64Y97QRK,479.6253
ID_XSP6B48LKWT8,403.591
ID_W753O33BW3BB,398.86017
ID_RWJ0XTITY982,1924.3381
ID_EUEIBIX6TBO2,351.69052
ID_WH5AACW8DNG9,239.6392
ID_NKCHBHQGHFQJ,472.2736
ID_55LF7DAPVUM9,369.22638
ID_QCVF1IC80H55,329.66632
ID_TTYI3X4FHRSK,577.1415
ID_FAVZ1A7JE66Y,211.27432
ID_K3QDY7VQTJ4Z,322.7919
ID_SXVSUXY5UZAB,80.431015
ID_5K5QDTT6M6RR,155.57837
ID_LVWYORSZVO3S,213.7941
ID_6ECLIA2352NF,144.14085
ID_W9B36B5RXLXB,1501.5234
ID_FBND5TKBJU4V,198.03757
ID_IEG1EPIW3QJE,592.9364
ID_XBAKEC3FGVOI,311.7046
ID_YX1YSBJPV00F,243.1555
ID_CNJ0199EZ0Z5,235.54407
ID_9HZRXVLF8O7Q,391.83466
ID_N8DOGSGMLEEF,391.18842
ID_QTT6DFO6C20M,184.47823
ID_84TIYB63GU2Q,140.47487
ID_I13964DD6KTD,378.91583
ID_31NJ27Y0VJFL,273.85074
ID_SFCM114U57TL,200.70929
ID_JO7PGDO0GSL6,518.472
ID_GL342CDVL9P5,331.8429
ID_89HGYIT9L72K,547.38904
ID_GMN55BKSKYR7,1184.3394
ID_IPCZ9G8W2MEV,890.5616
ID_YTTWCTKL25FS,813.20074
ID_RXK77X7AJU1K,492.6199
ID_7DF2UHVO2YDW,939.5224
ID_S8ILQIMNR33S,793.04266
ID_9CZKHNKM1I86,428.95297
ID_QV0YP4S4M4EW,364.35593
ID_6NW6LZZP4YSO,908.27
ID_11VV8EJUCW0H,3237.3364
ID_12B9ODTQEDJP,392.85315
ID_O9F0DSRI883S,330.81476
ID_UGZM1YTX1O1E,383.0331
ID_K9QDUU90W0VF,538.70465
ID_NSYRKSMPHBU1,662.8393
ID_VTPNQBR81BM9,806.4297
ID_39OMID9QCOG0,377.32907
ID_1PEZ9AQEX5YZ,566.209
ID_KMV01O5FI1RE,212.17535
ID_D8YY9UAL3DUU,994.78143
ID_MK1LEGI0K09C,830.13745
ID_SIGZ0JBXQGOV,268.58298
ID_TVKRFN7WM03R,228.3455
ID_0BEO9O1TBGD7,429.02435
ID_0LAUIA0BNIC1,234.38486
ID_J3ASN4NEHJWU,483.73044
ID_E0C4Y5E20718,907.15814
ID_42C9CZBA94GA,240.6075
ID_YR8ZM2POXIMW,263.62415
ID_CI5T4HTPFSD5,2701.388
ID_A43CG1H8ISRO,406.95297
ID_3CEHUW3S0G0K,974.4188
ID_TXB3AVJR817F,422.89362
ID_EARHOHWMJBZN,880.95087
ID_3VLU0ZG4HZCJ,327.23022
ID_BXY0XWQ3PB64,713.44574
ID_QRR9XFG9T842,593.971
ID_EUX6TSC8JHCM,394.42673
ID_QFOI09YR3VXI,438.75604
ID_YV25FQOXZ8MV,-0.941444
ID_7FQESEUZAD3Z,347.23816
ID_CNWL7DTP3YX4,336.05948
ID_T55BT4VODB0E,160.39955
ID_RV1AQV8A2YO5,935.07446
ID_4LD71OA2HWJA,494.86853
ID_MURY55Z0UGAN,362.28055
ID_N2FMG5146H3F,291.28226
ID_UTINEMLC3YZ8,348.96985
ID_2YV5CPEX8PQX,996.58057
ID_G04CAJF9PJPJ,330.24124
ID_VQQC20SF8PFA,230.89607
ID_XLERVZJLB89L,361.5403
ID_55VQDPWDVUJN,1197.2418
ID_ZQ8CAFATMFQ4,207.37602
ID_G0F3TN5NG6BH,226.05954
ID_PF85WDFZ5SIC,334.80475
ID_LPA096T2PA37,322.5821
ID_TOJV71OD5IJA,485.61783
ID_OC71Q8G1PU9X,618.7413
ID_ALXWTRGLKYET,473.9158
ID_L25QRS7Z1I48,638.4786
ID_ZJX6UR06AOQN,159.30443
ID_J18Z7G8MKNNW,993.5548
ID_A1FRWN0WLOW3,576.31537
ID_1WMN80LOMPYX,646.4911
ID_PN8SLC70UAFU,392.47
ID_Y0VLNN9FFCDB,1221.7324
ID_KSNG2EHQWVN2,902.28156
ID_6W3UCOWAIKFY,256.96832
ID_SAMIPB6FVS35,611.92224
ID_5XWLZR0M55MG,677.50275
ID_XS38KEFXELD5,475.39795
ID_59TDKRUHGJTU,398.55103
ID_LA52IZ1MKC63,92.081245
ID_HUS8E1K54UTE,713.1562
ID_I13GK4NJXW16,1168.4918
ID_VNANLNWRQBB6,404.01068
ID_S9RY48JU1EY7,577.77344
ID_4STCBR16P9VP,1017.84357
ID_8975M70FEDGV,1332.9094
ID_DUBR80BZKU6Y,293.14923
ID_MAEEJ3FRNXBQ,316.87277
ID_H4AAIXVXUTIW,1719.7654
ID_9O8JMRL331Z1,231.71352
ID_NGSCERQ2QDX4,414.38608
ID_6LCF9GFNTUHP,387.6556
ID_P1FUZAFI9H4Z,732.9799
ID_98FVLR8JYSIK,872.5777
ID_21Q3Q5YNLZZX,698.32794
ID_PBBKRFRQIL4M,299.49936
ID_XUQ4DJPJN922,378.6073
ID_XN9SQO2E71Y5,277.6905
ID_16EL4RBE07V4,441.74506
ID_J9A3XKAY092U,463.75674
ID_SI3U6TVMFSLR,1567.3738
ID_MZPNEAO40UOF,574.8415
ID_JMOP4XUA0I7Z,390.7914
ID_3K7O1OS7SC87,776.5403
ID_1FKKC1Y469H8,478.793
ID_KLWMKKI8XBMZ,408.51776
ID_INV1UN5XSNO4,443.77518
ID_FCP0ZRWKWL2B,302.04117
ID_L7DSNSBA5RQQ,269.3907
ID_SECEK6SG1NI8,2224.1067
ID_ZZH6SDGIBPVQ,759.1265
ID_NKCBC5AYF2O5,1034.1101
ID_HCUH5OSOLYNC,444.0394
ID_P2YVKXAWU6J2,725.5296
ID_H5DAKY1IT85H,1304.6587
ID_FN2NLEWDMB6D,326.41434
ID_FQRTZI314E4V,1783.9261
ID_605VN4QHNIDI,433.61774
ID_J9MMOAJFJ2J9,415.49994
ID_2N51RJM7IWTE,447.23257
ID_G7LKS3J2NRV9,597.6488
ID_B75HPYZV9PLR,857.111
ID_IJFSC215A8T5,227.84485
ID_XUJ8JAS1QTG5,132.72375
ID_OC29SB0GECK9,179.59146
ID_0ZW1XY8NZ5AA,122.71381
ID_XUYVTZH1U6V5,510.10535
ID_TUQ7O8VZEO8Q,1059.3146
ID_XL5X7DAJMM1B,421.09818
ID_6GOHOWR9UQEB,633.2871
ID_OSG7JPS4CTQ6,706.90076
ID_TYWY3ZJA2J5I,2039.6324
ID_E8R8OU0PL6KU,998.1424
ID_NVSZ1QLGBUT6,329.73093
ID_B6DWB2FSMPKC,366.33417
ID_P0UJZBSPVHUE,1254.9414
ID_O9LKW41W3CE6,254.57352
ID_APVY0ZAA2T96,333.53534
ID_DXH0G1YZBCCY,685.7997
ID_50FMQ8VLWTYD,1322.8927
ID_MPXG6OFK28RA,1222.7773
ID_KO5Q9YHKSLDL,732.12714
ID_5RN40WEWP1EL,672.10626
ID_C22JIXZIZSL4,304.6946
ID_9DQB1KQZBTV8,288.76828
ID_CQHWUNCL5PCX,435.01324
ID_J5OEXVDCNB0P,826.18054
ID_RDH6HLOB2U92,308.99084
ID_8TPHQ60JF6EX,414.9205
ID_1PB93FWUQFQB,336.8604
ID_3N976J1OGQLO,552.5986
ID_7KUFT15M92QJ,503.83386
ID_PCCPOOUSGB06,178.00107
ID_3FRDNPVY5FNP,1365.6128
ID_BK9ZR4TDE7NZ,580.2442
ID_OUWYLUIH2R51,535.40784
ID_L5ZLQMRH6KKF,572.3494
ID_Q4UW4DG55OJW,630.44006
ID_OYF1ASPZJQNP,501.35294
ID_GZUUS62OBWF1,1236.8938
ID_KKZDBKDWVPID,346.9503
ID_YCYMKBL2CA1K,370.36914
ID_KHTP23X20T5I,386.55737
ID_PVCGOZWIYCRW,2691.565
ID_32NAED58MFBN,629.30023
ID_N20MRZDYH6K2,921.49786
ID_DBTQY3BIX7K1,326.52216
ID_VXHEQJCSAEGO,354.11707
ID_1UBFDMDD35E0,441.33832
ID_UTQLHUO15C6P,1249.1498
ID_KUQSQP4UEPNX,3445.4678
ID_NG1BV8SLDLT6,261.80032
ID_3WE5BFF4QQ07,431.77362
ID_OJCKZSAW11FT,865.5257
ID_01FMRJ8CZ1B9,352.18918
ID_UFCY75JEV9LT,314.5923
ID_2EZWQR6H2KMD,813.7311
ID_VDBLFDMIL8NG,740.95496
ID_AT56XBOIGQNE,1180.7498
ID_AXZDBVR3IUR6,326.55215
ID_2TXCT78Y3PKC,330.36224
ID_VR4Q2KY91Y7I,1023.05646
ID_EQO0B00UOJ18,468.86182
ID_80IN0NOG3IGG,340.13818
ID_52G244TD18XX,569.6705
ID_VU2RGX6FV7SG,450.74518
ID_L5TFK1K76NVV,317.0337
ID_9CP641SBWCAY,109.01938
ID_GCL2HBCVD3GT,536.6146
ID_9TSTSM29ITZV,1409.0033
ID_L9B0F5XY5C0Q,881.2402
ID_CB1C6HBQXD06,484.34613
ID_HKJ98YOILTWN,1547.7329
ID_5TPFAMIJT35T,707.9641
ID_17C2BIFXGXAB,384.72543
ID_ZY0FDD05Q344,249.52338
ID_XXKL2UKB6T7P,1237.4833
ID_RMQ5T81PW81J,551.10065
ID_I1KFYFIUMBBQ,473.1052
ID_1C1WGJ4TLP0X,235.58365
ID_E5OL8AHYNIRQ,430.20102
ID_XKJ6NPCU23KQ,369.54257
ID_H2LK19RTKLBN,345.43475
ID_8SXD7K2XR4Y2,268.69733
ID_R6PS7QO3TIP3,782.63745
ID_7Z26WTZTG1EE,226.63081
ID_NVW1KES21JE6,637.2373
ID_KZQ5Q7QITN1J,548.4245
ID_0GK554F5HSPQ,3388.9797
ID_CA5E6O3YBPYR,238.2316
ID_NTRTGR2IP7JQ,804.4734
ID_062VNY633NVW,750.87897
ID_465NN80WHNMI,314.03085
ID_T52DNN3DYVA2,325.91788
ID_CM0W1BO8Z7YV,477.68173
ID_YV087R41HIW6,530.3363
ID_VT6TAOGORN0T,1200.9542
ID_030L0XB0GEPB,224.97134
ID_YECW50OR7NEH,310.1694
ID_5W7NWNYH7DA2,257.9272
ID_I2AKJ4TGA3JS,375.77692
ID_LMSXY4W2OCHC,526.2406
ID_W1EWJ1KHVFWL,730.9339
ID_3ABZTY079K5J,2225.9814
ID_4PEE9P8ISN4T,1270.752
ID_DZD2PTXBQ36C,124.99771
ID_VRDCKGL60J4S,1530.3386
ID_W300Q133BITD,171.74815
ID_BGPCJWWGLRAD,1432.9113
ID_2VD5AHGUA8FZ,183.39716
ID_N2YHCFW8BCW1,291.572
ID_KD26RV3Q4Z8G,365.8372
ID_B4L9RE7NMY7S,885.215
ID_BN9X6GP81HB7,8.95609
ID_Y6GNK64VJEAR,399.22717
ID_PE586K2WC823,204.25151
ID_WL15S18OVHW9,1379.5063
ID_5R6L97XFBM4P,614.66705
ID_55YCU1CHAZYU,1627.6956
ID_WNGH3FP6KNWH,2029.8696
ID_9JR09YWTJIPX,732.7264
ID_870NP4IDB2WF,476.32867
ID_X6ZCELIES4N3,737.0444
ID_S0Z4WELW3RKE,797.11914
ID_I1M86V2XW3NU,618.04944
ID_PR25E8LGMX5C,431.85635
ID_5RGXU5KZER2O,741.5244
ID_N3OWXZ0A4PQ2,627.76965
ID_BUYPSV8J9VX4,988.3376
ID_ZLJBGWFNKT3F,389.27383
ID_E3U792EGWSOZ,106.32022
ID_KQE4T2DIGF73,317.99265
ID_FIOW6R8A6TD9,2139.9526
ID_6NHV395NXUMO,806.9652
ID_DLLQTLGA5BZ7,167.32417
ID_12090DS3ONFO,344.502
ID_84WRYZXSNB5W,309.13754
ID_5IHINMMQ33HN,813.8276
ID_Q3TSBO3V5MV0,465.1589
ID_ADC7FBDIRB67,337.12
ID_YFVLB2MLINSA,766.25275
ID_0M2B2IU08JHG,559.935
ID_V9K16K3JJ64W,81.41626
ID_T0APDRNZ2PUP,861.79816
ID_UD6Y4DW52N30,362.52844
ID_CPN4N1LLQUYZ,214.73291
ID_NBZ50NSHWKX4,2916.9636
ID_JOBTZIGNUJYW,18.181871
ID_QIXJYAUTNLGR,607.2525
ID_AX9K1UFBM90G,125.71066
ID_FDDURNIJQYRF,791.9489
ID_LVNQ4RR7Z5M9,563.9585
ID_UYQMXTUWGEX3,351.41467
ID_GXYT79NRDUCC,313.9033
ID_9GC9RL0156TI,423.17743
ID_65R1QHRZPXV4,202.58278
ID_61D172EINVHM,290.6141
ID_YTRIQ7CPL06G,231.61577
ID_SWBH0D832EJH,516.76996
ID_JI6G3OYFQJKY,427.70804
ID_D2P1PLCDCW6C,703.09796
ID_4HZATY2UQP7J,669.4009
ID_I13HAXROQ8ZI,425.4234
ID_EBWZ4DITBMRT,732.84766
ID_46V1XAD0HNM4,224.44812
ID_7F0Y5BH75MA1,205.92313
ID_8KDNAENIPD6O,267.85153
ID_31557CM50TT0,105.67036
ID_1H73ZV2DGAJS,565.6094
ID_MQBQ7Y3DAME9,650.5831
ID_FABZ5F40A430,1031.0911
ID_ARH65MSJKMXQ,301.40784
ID_NZAYF5EC84XF,776.934
ID_8KTFQU943U8U,690.3202
ID_HOOPMK98RDVW,612.12805
ID_6NKRHFXDAL2W,192.8594
ID_3Y0E2QZSY8BE,375.17407
ID_7RBTQWOKF593,233.9821
ID_G32EHA5H8KCH,103.56194
ID_FP8GAONCAYON,236.7993
ID_Q1YRG5JLSL51,611.1291
ID_LUEHBMKN3WSS,382.8962
ID_8CR2PDGM6RTS,772.18964
ID_UISG39MBLWG7,435.3548
ID_ZFX52PINM9TI,223.16951
ID_AV8EYUEUUBVA,204.54228
ID_LDK0UP6ZOTQS,795.9438
ID_Y71AZZAYF00N,336.4621
ID_IAA19P3EN9DF,327.35663
ID_M8ZJ8397H56M,896.39716
ID_2LVL6QWBY48W,3968.6958
ID_66A871THV43V,613.0225
ID_K9CFTOS3JA2N,307.51187
ID_SN7U1P14V2N3,440.7098
ID_68RW49FF7NF2,457.85147
ID_1BYE6Z8W58NR,382.17184
ID_DGIYN4VXFWW3,279.13928
ID_I13X0T9TWG4N,912.9802
ID_7HE2NP9ZDI7E,482.31207
ID_PKX1BWJLKKF1,425.0562
ID_FGCBRPH417HI,1079.9385
ID_XZHCQ2UL7EQB,614.93744
ID_3F60G7BTKL3E,369.67416
ID_X8UKDAZNQLE5,157.00374
ID_WF21DZJQ0MEZ,428.07666
ID_2JORBK01S76Z,330.72675
ID_N40FQ79VCRBZ,318.25937
ID_GTLFKV861ATM,398.7355
ID_27Y0YW3K0RMP,505.66278
ID_WV5M56G6J46P,309.54968
ID_2A6AX6F5M2R3,248.55424
ID_O1WA343Z0Y3Q,412.42563
ID_5RO8TLZHVZ4U,339.22137
ID_WNL0HEE8FNAX,805.3783
ID_KRAHFXWUE34U,629.2641
ID_B0BZ87T7Z4G1,514.44403
ID_EF8RZ2A57MOF,318.1826
ID_CKZAYHVYDNOH,318.10373
ID_24T2915PUUBL,449.2888
ID_9N44D14F4Z9S,1355.9242
ID_4QI2PK16L4W8,303.2904
ID_5GSE1ZV2KZ36,387.0287
ID_30MYYJ3CGU71,210.90315
ID_R0ZZ2K2C4IFQ,288.872
ID_SRSO7ZIVRHMS,483.6806
ID_ADMXQ913LY99,336.99112
ID_PS7YQR14G3Y3,727.016
ID_MZEO9V8999MJ,1873.5001
ID_LUGALDGQDU2C,349.6141
ID_6E0LFWNRDDBC,496.28848
ID_BH392O5O9YIJ,361.5465
ID_VP4R17PGR7PT,1283.0825
ID_Z584MTBFZM57,214.85455
ID_FMP63TJMIYD2,226.69827
ID_0VVXHZNBFV7K,584.7263
ID_R3G02LS8GNA9,427.18192
ID_Y3HXNR6C9VPN,447.61502
ID_P2EI5WTDARVB,539.54333
ID_J81U1U9GRXMM,348.4919
ID_RUJ2JWO1H36Q,2475.5037
ID_D7KZIKGDA5TC,438.01712
ID_IXZVPO7I6GFT,1235.8282
ID_DYEIPGE8LAWB,1803.4574
ID_YFXPGWLIF1JG,579.7954
ID_M06RJHKBWY49,420.92667
ID_9AQXDJAJZEKV,475.17966
ID_W8K9BX9LC95X,1014.8058
ID_QI5ZUDAWIO6B,428.3489
ID_UAUMCZMYYG50,782.547
ID_MB0FWEMQZIS3,383.42816
ID_I3VLDTUXI8OU,769.1385
ID_FL43EATDHM0N,400.11826
ID_F8IKOUJWBLAS,425.7487
ID_MY6O19NPIVK6,1405.232
ID_XIRL5AT0PRFF,500.1083
ID_V770RBDE6Q4Y,646.6149
ID_0PZHH6TLV3CA,261.51193
ID_VWY9TZXSBA2I,445.82678
ID_0IMHIJVZNH4F,242.18869
ID_J9R0XLLUEYV5,567.61383
ID_SXO3TLUQS06B,423.21967
ID_IIFWSOZJ87T8,278.39456
ID_003IQ6P16IU6,652.43964
ID_8A4XDDFF9KES,595.32434
ID_ZADQ4EOPXZ5X,655.25037
ID_T3BJIT95VAK6,1110.6567
ID_9JBVPAY5SWE5,170.83014
ID_H69MYTOAOWGW,2906.1255
ID_KX131MVNIQYK,141.3015
ID_9TBIA2TY51SN,360.33487
ID_LSJ9Z973V7HY,313.85825
ID_1V7154B52Q1R,756.91284
ID_61T1B66LGY96,911.0262
ID_6OMUQ7RGG9PB,263.68716
ID_UOP0YIGOD0C9,845.784
ID_FUEPC3I8AGM6,255.32419
ID_9DZ2XHHCILE0,339.8696
ID_K31RQKN5YZGQ,55.339474
ID_5ONQKXWCPAYW,352.63852
ID_WTFWWIHRP8QJ,125.12333
ID_1DB4QAC6FY9E,149.25005
ID_JTN33DQWNP8S,319.6607
ID_URGC9CNXA7X5,409.046
ID_TLCVMIUVHIDA,674.5434
ID_TUK3UTUY685M,422.19788
ID_C3CXY15NEROI,698.78204
ID_HLKXLS0FWIO3,320.4592
ID_3KYOCLW494ZU,528.6871
ID_ANAMG2154VTI,1176.0719
ID_RZYTYJZGW8V1,749.90796
ID_U0TE2JB46YOT,1582.9977
ID_033YEZI2YTMN,369.27588
ID_M5MUL0OYJ521,332.32156
ID_GLNNBNCO2ZJT,334.28677
ID_5D0G39C74311,91.942314
ID_76NPV6TK8935,631.5956
ID_ZBDU7B15DZ06,707.1818
ID_7ZY916L3IR3J,553.7665
ID_NT49YSFTD1RL,197.95647
ID_JO5LMUSPDOE5,397.6737
ID_20WSYTHON01Q,178.9675
ID_29VL60799V4G,714.1311
ID_LWOVH2BGMAXM,740.2662
ID_U40UK9R0U769,857.583
ID_GLMWDVQ0ZBSS,464.92596
ID_H9WPOE6GENMJ,282.80945
ID_D777FHIP8F1R,846.15735
ID_UE7JO485SVK6,101.22686
ID_KMUR984JCI6C,246.8542
ID_5UB63IBXG3O1,487.553
ID_IP1S04YTUGT1,1165.3605
ID_UJAKLBHMJ3YD,725.8027
ID_W4V2VRY6V3ZG,296.84277
ID_UPWIMZ9NKMFX,602.9923
ID_TVYVXPBGSFUC,271.2302
ID_8WEKEFRVWLHJ,497.38947
ID_9RLCRH7Q0PXK,375.23663
ID_02G01CVY8X2H,256.01712
ID_KE5BLNSCOGKB,952.936
ID_9JNMULI0HP0P,1143.6261
ID_B8OSQ43TMBSR,609.1321
ID_PZWWJKYN923K,762.72986
ID_834BS53CZ6LC,430.26306
ID_5BMWFG250JV4,439.87268
ID_LM22RNI83BJM,551.4814
ID_JQS59EY819HO,237.59312
ID_E43X5ED6NLU1,431.06216
ID_8UZSHKU5UT2V,812.64844
ID_DJ50AHYEIPZ0,778.4815
ID_R4NIIOESVN7T,1178.1487
ID_YKL207W57L0U,245.53677
ID_12P6RU298F9N,313.68893
ID_IZ6WTP5Z17WN,683.8506
ID_NZMFMBIC4FNF,231.54924
ID_JLTDB0VTB0E7,233.178
ID_17SQTC2HLKAE,317.48636
ID_I1X7CIDBKXZQ,232.75919
ID_PSSACU4V0O6O,590.52045
ID_V4HUIJ6F76SW,443.0068
ID_8COHYHKML3JP,1230.834
ID_JN4AX2B2C50G,116.7926
ID_TMJ0OO9Q2WOJ,1799.7465
ID_C95LNL1M8H2N,689.5981
ID_RVPLXJ5UWB6O,240.12195
ID_TV9CCKV6IGN5,1652.9167
ID_K19V3I8YE12K,324.95532
ID_KGXUKFH4Y7YO,566.13715
ID_WJSH3NU9GIQB,2.1278007
ID_EQZ7H1WA78OS,241.82054
ID_1MKAKRVW5T92,165.60698
ID_PZFWOHDEYNGN,553.4591
ID_725LTZ95U1E1,791.7778
ID_THK0MEQMKDUT,1566.0127
ID_RTQ01NMMKXYA,642.68524
ID_8B19FL2AJ194,212.46648
ID_D6RNJ17OIWWY,852.86273
ID_HUGK2Y59U7KJ,799.8802
ID_KWIMK8AMZF5A,737.13574
ID_UURMSVZDKKSF,736.4972
ID_2R9G9PQSADOM,316.70532
ID_BI9UDH99U450,254.08287
ID_7ODW5MXTDNCG,729.4941
ID_HWJ9WKS3IB5J,416.7966
ID_JGO7PWMYOMUB,515.52057
ID_MCQSOIZ5BXGC,122.498764
ID_J0X3K8DOSPYN,478.10187
ID_VGQJ4WYJJBAT,572.3827
ID_FHRVJDWVEWZK,585.60236
ID_YFDZZ7FAT8H7,670.9133
ID_ZW6ZATUAC5CC,455.6276
ID_W0BWKL5E7PYH,799.29565
ID_9DJGFL3PX533,562.70685
ID_NYXDVDMQO20V,777.9799
ID_J9R96PPZPO32,653.19727
ID_03SHDKQD95XF,164.3835
ID_9UYFG0NC9QTM,815.1199
ID_PR26C0RSQ89H,651.6293
ID_KOOC7HGDZA0H,783.3919
ID_218WMH65G8WU,672.31287
ID_PRAU2EMQM87U,387.48566
ID_D6ZOJRHT0A7H,414.25436
ID_CITJ0RJ9ZAOC,788.2949
ID_TP5RXW7QXP2O,2254.0166
ID_AZNDXJTYSGDF,257.46417
ID_78WJNL0RRA6U,691.1077
ID_TM6VWF7REIS6,2303.8113
ID_X3TVNO4XNHN5,765.9431
ID_3TDSR1D7HQ8T,556.0755
ID_82ZSQZQGLY1Y,418.20795
ID_8OKP01595X94,245.04337
ID_2OKINRRT0XL1,2317.0457
ID_DA98EJU0NT76,586.4951
ID_V17R17KYCDG3,578.9496
ID_OM42UEJQR618,247.13101
ID_646D2KBLNLC2,237.82143
ID_9RU7QWS0WIDP,818.77374
ID_PFFCHUW5O67L,548.5062
ID_ZSV9TC0UW5CK,431.0906
ID_MSYLCULH22KD,564.50726
ID_6ZA9ROTCTCTY,441.99194
ID_L0J7MCL12NR4,291.97272
ID_SCDUXWEDL6C6,679.09375
ID_7QHVYN5YJYAP,234.84926
ID_AUT5E4W1IF34,1269.0221
ID_7JO0TQWT9W8K,394.81213
ID_3UUBOUNG1CH8,203.04404
ID_4Z5JFK9VF762,232.3223
ID_3Z9LB1PGHP96,748.38794
ID_D0X7IDGN74GR,403.10858
ID_BBY6G4GET31C,1245.0685
ID_PT5LBK4XRS89,582.8582
ID_Z6A67N4N3KEJ,-3.1941698
ID_Y6D7U7R1ULMA,293.69928
ID_WQOUU960NDO4,243.59502
ID_XC7PSRE6WWFP,288.2513
ID_VF7NABSVT35U,612.2732
ID_25MZL6HIS26M,1308.1019
ID_D86BC6U7FA2J,590.63086
ID_F4KMTFROJWL2,403.05368
ID_QK4YHF5UETBQ,347.17847
ID_XPAHSEI49TYN,944.503
ID_69F6K475WX7V,153.18382
ID_9WS9F7Z1CE3M,324.03748
ID_XJC8VVXC9TBX,529.1224
ID_CD5QDTLLZUPT,241.06425
ID_O80J4RH6LVDS,956.8891
ID_KWSKN3HTLPK2,114.280846
ID_5SKHT6NDFHJR,85.00571
ID_KPQYKBZGK6Q4,384.951
ID_866ACQHJ1632,331.69763
ID_WX844ME5IT0M,30.041214
ID_AWNJ1KEP1QK1,891.3384
ID_16ZJ7XNWB9ES,870.52985
ID_2NKYXQYFQQRX,369.67505
ID_DDQYDSPF4BXY,752.4762
ID_1KBQ8Z8QZOL3,396.71274
ID_GJO67I9XF6AK,492.15866
ID_PCOF5INSVXM2,396.64716
ID_W5GMROHJ01RZ,205.71083
ID_WD6GCHMOFFZK,317.05154
ID_GF3NQ1FP4MXO,1190.13
ID_FBQI3IPLIAAZ,290.59406
ID_BKRCXGDJI2ZU,402.19983
ID_WC5O6CA49JCT,320.51468
ID_TC771F4NXFD3,717.5035
ID_HQAI0KUSI7FX,915.207
ID_E22MKA5X1C38,364.0772
ID_P4TXP8UNLQ5F,1.7778919
ID_7VFK2TR4EHCU,435.299
ID_XIMWJDO2J9S2,96.928696
ID_1SFZQ86IVMCZ,1328.7891
ID_XNSVNT862EIR,1088.108
ID_KEULJBL0QMMA,389.33383
ID_GEAJ29CHENIM,1215.5259
ID_XDHNQQ1BMP4K,452.95798
ID_ZG8Y74HTDSKI,28.664343
ID_VUYOGM0KIABM,1427.1733
ID_U4XH4UTLQ5EO,322.10828
ID_M1TT1PZJYQX3,418.614
ID_DO1SCI0NAS39,651.602
ID_PP2CV6NRSO3K,731.7152
ID_6F4A688829M0,1277.6481
ID_67C7XJW5Z9AP,391.26862
ID_G9GXUSA0IV0D,118.40833
ID_0G0WQUKBXG47,380.6049
ID_6EWF22XJX21H,1095.0311
ID_UIL7S6F6IKE8,418.39545
ID_O55OOUDQOKBE,2066.6833
ID_OKZW0FT04KAU,38.286232
ID_5QCE458KP8MH,420.42496
ID_K1MX59GNDLA3,1069.1451
ID_XEAANBI4M6MP,823.8301
ID_7K7V374NL5QU,230.40924
ID_Q73O4J7PYNLD,1168.1299
ID_8X79S7L9FWUS,371.1895
ID_M97TRZBEVI0V,221.43343
ID_U9TU5QRVSIKV,455.97314
ID_PQPZ0AVV5HTH,786.7619
ID_1L6LU32N1HFC,184.02467
ID_UBZ21YSSVE0A,594.1363
ID_TFXFZIX00RA7,1360.3826
ID_32CMCT5XS364,367.10394
ID_E95XC4DYH26Y,1.1018567
ID_S8ENYM45UWSC,1860.0658
ID_PU514SH6TUVR,181.06395
ID_RVEWUGCXQCNS,446.9869
ID_BG6I25RU4JV3,948.2905
ID_RNDBVA4NU0LW,354.61987
ID_H1GVVG7EF7WE,417.48337
ID_4VG5G0IN38WK,77.64283
ID_LI1DHO8DO7WH,195.01816
ID_K9IUCGCTABHD,518.1244
ID_COWCI2PI2LF9,112.23022
ID_0QE8PUWQKHFZ,729.4851
ID_MT3EUT7AX265,378.77307
ID_T69R1A784TNY,1273.6486
ID_N4FRZ8SPSN61,229.84918
ID_DFIMHTLXA82W,822.30536
ID_BI4VNVU7JAXF,2116.1328
ID_6C9EUI1CKTQY,1240.4077
ID_V7R0PZU27LD7,419.0068
ID_NXHSZUCHTMO8,1054.7716
ID_PSSPKF9A2USI,871.84906
ID_M9XZ0NNGCXJE,306.86786
ID_3BJCEQIRMQTP,531.8798
ID_EWS2TOD7IJZI,1359.4932
ID_4N61JMVTUKQ5,175.51418
ID_B5NBU4COPYXW,375.3635
ID_ZS7CIFJ5G37Q,1780.8612
ID_X4E6NMBKJLQT,-231.78116
ID_1OH68E5CL3NC,874.75726
ID_DNSUBE5MRZR8,1189.1605
ID_GHVXO83MCL6I,861.2116
ID_CQ0FBB1L5EY3,360.8699
ID_9PEPYSUTV8XP,666.74493
ID_CH40371WNU45,329.6198
ID_KREBTUJY9PUQ,405.76773
ID_AH2DHFW5Y7VZ,645.32996
ID_O2YSLD8B37UI,358.10986
ID_CGJLQRDMQGPI,374.95474
ID_ZIH4810LD2X4,369.9543
ID_1GUQ67PJHO6G,197.95647
ID_YO7NKY9DFON2,1218.1361
ID_H8DG3XXT4R3S,339.68607
ID_FD43UJOLYMFB,232.7555
ID_BQ8JTW0GEMB4,529.0146
ID_RA7TSCPF1HBL,497.34436
ID_HMSUJ88077KV,291.73892
ID_2K6CE567GZ7D,427.8563
ID_J0UYQQWYJDJ3,672.3674
ID_42YO171TPVHZ,806.5156
ID_KMFDQQYDBS4X,496.83804
ID_EKKF7GLOX3SD,305.02536
ID_NA6TYX9PY21I,580.90985
ID_PA459A9AES6D,1745.6473
ID_ZHJ35MUIKDGT,641.3825
ID_2KS148FT28VY,981.2006
ID_ZP3Y1EOLD1XT,336.07718
ID_M202WZ18JHLM,650.7143
ID_O3CUG423MY9H,3132.5322
ID_JK4O5BTLDHTX,339.8478
ID_69E0GNTDT1LF,2932.7224
ID_RN3RLK50ETXN,506.7628
ID_PJ3QBFDFCBUV,277.18082
ID_WRU2ZQEZZA2A,1212.338
ID_261VC80CL904,284.28317
ID_3PR5200O44QG,1468.896
ID_V315713I7M9M,517.3079
ID_WCBVJ74XU15K,495.0267
ID_ZXT4WUZLCMVH,399.91223
ID_GDU9BX84VUVE,2164.2097
ID_5JB3YMBM4T6O,338.11032
ID_KBAPVR46VC22,829.62177
ID_4IXICKTIPPLU,996.0343
ID_AM94QK241VPE,2065.421
ID_W12HOWGGSMS8,161.38095
ID_Q1G32KADTS51,257.03342
ID_V3JIA4P4668B,820.3215
ID_Y86K83ZPC3T4,405.6343
ID_K6M588093ONJ,447.08078
ID_8QKXNKEAI8U8,72.48745
ID_X7PUGW9NI1FI,328.9407
ID_VTIQSDY0X1FD,405.89267
ID_4VC1K7FA4J17,159.57053
ID_3GCDF7RV12BF,630.8317
ID_PSLVQKNWEZ0N,377.98895
ID_IGCX54TFOFX9,335.3664
ID_1SZ0EPKMQJ3L,409.61633
ID_RRLAI5EB891O,1462.8418
ID_ATRY9VIAPNBP,452.2854
ID_5LIP4CV5CHJ0,525.9143
ID_ONHO680NIUHR,495.99286
ID_VTRB9ZYY4VI0,578.64557
ID_JAE3UP8KOYFO,317.12872
ID_I02Z7U56HMOO,604.996
ID_RFXD3G5UO06W,1631.2158
ID_1SQXKIK51IGW,226.23438
ID_T5UXJ5RC7PUZ,603.7496
ID_JM7G4MGZXPA4,544.1997
ID_6FF2BX4HPOG7,301.5232
ID_8UTWWHXEL9R5,798.77594
ID_3YJH7Z2OWJED,763.0918
ID_4BVYTNKO9YLK,1282.9534
ID_KNDRB17VJJHN,194.86818
ID_PL3IRYM11FGQ,941.0313
ID_33QXHWS7FFUE,831.82355
ID_2J04B9UGSZMQ,864.405
ID_ZJV6QMH0E1S2,744.8945
ID_3SY7ARGY3QVX,1673.1757
ID_KIAVLFCA0QAB,179.10045
ID_Q4EJVPZEZXGI,595.21136
ID_65605390LAS9,1116.4691
ID_Y104K9OC8UGE,667.2538
ID_3K6WOEPF2FP8,790.64594
ID_LS72BPM71SR7,433.87524
ID_Y7TIOX2MBVN1,229.78278
ID_JM80BY34TODO,276.83316
ID_2WAZFPTIJ1OA,312.0515
ID_T9YY5C8C1CBO,441.08994
ID_UPRSY14003PO,327.41876
ID_7XOLQOXF8MQB,340.37476
ID_I32E35Q5PL6J,3313.0332
ID_22FO3O040DBN,555.0057
ID_2UXKSAJOCCUC,401.34833
ID_5GUT0JCPY47C,428.81567
ID_LID7SSDMXCW6,121.309845
ID_WCWCOJH95NFM,157.16112
ID_4DWQ8EGOZF76,431.7947
ID_SJE53PFBNDY4,569.4591
ID_MUP7H5EUQUYW,780.7263
ID_2G8S8FICGX1F,771.3321
ID_T6X2E4LGICKT,221.52808
ID_2NBITHH2CMR2,381.39658
ID_IXO2IO18FTPN,711.7241
ID_35RBHZZG2K9S,435.5429
ID_5X3KT9OXDOCL,1140.4792
ID_EXX5T31QH9U4,538.65784
ID_LSZRIL56T47Z,651.3452
ID_5ALLBTPE63BZ,947.59424
ID_ZRT3VO9XJTOJ,450.5248
ID_IVZNV00VK1WF,151.23215
ID_STJDVR9FV5ZK,937.9787
ID_MUL2I0PV3WXF,623.37836
ID_350HG62PKSV9,238.15665
ID_CFU1OS0WRIF1,412.4252
ID_E2X9RKRER7VN,397.61884
ID_FAXPVHA3GBDX,892.9174
ID_U20QSSM0WQCL,360.0405
ID_8STN6IQK6GRH,12.289727
ID_RRV0JV74KLEG,543.80115
ID_SV90TJDKZDBO,2106.7124
ID_VG3DNKAC70DB,354.29565
ID_N6VEVLWM0JUZ,804.7878
ID_R6EAOP7SKH4P,1055.8833
ID_WY1E27L1SF3F,728.2195
ID_S6Y3EIMQPINY,381.40393
ID_C6FGW58XYOOC,102.34789
ID_66ZQIE06VO23,532.53546
ID_OQGZLQDASMAM,1034.1523
ID_O0VXS8F7E71M,248.08041
ID_RYWO2W04NGOQ,758.8704
ID_UQJV4MFOR1M5,405.30234
ID_4RF26BVNXYCE,1693.135
ID_97BLKV6Q0HEL,2529.639
ID_UBBEFJS5I0QH,183.25528
ID_1O85NFRVJWEG,515.8616
ID_IMHZWDBK0ADL,258.68542
ID_YP71ZG5HZP4L,593.05054
ID_EQYXNVKPIZ8S,340.63147
ID_IUMZ7HN2JIIN,558.63806
ID_TEYADZ461KBT,852.279
ID_WBKUDZP701N9,604.11053
ID_QREVEZ4H807A,166.06528
ID_1FI6VLAJHF5I,1458.3177
ID_AGYQKZWO32LL,574.01587
ID_2AWB54BA84ZT,379.20953
ID_HT3K0J78M9RG,660.08295
ID_1Y0O3Y0QYTJS,460.00626
ID_ZKH62QGNMI1V,84.05498
ID_BJVKX6P2LOVK,836.87555
ID_RJG2AH2AUIN8,267.2163
ID_C1YRVYTDHBCI,314.13928
ID_1TJKPVFP9B3X,268.09247
ID_ENTHBKNB4R99,523.12317
ID_TY66I8PV70BN,116.35792
ID_6MMECMX3B728,1160.991
ID_GZ9YGWCLLMKN,398.18466
ID_01YVA2LJVYBR,203.25032
ID_YQRL2IOUU4SZ,352.2573
ID_VAX2N8ELPEZE,357.08832
